keyword,language,topic,topicColor,keywordColor,limitPages,ratioNew,continent,geonames,latitude,longitude,geotype,country,ipcc,gnd
'Île Christmas',fr,Christmas Island,#a317d0,#a317d0,2,0.906650015,INDIAN,2078138,-10.5,105.66667,A,Christmas Island,SIO,4219436-2
'Guatemala',fr,Guatemala,#91e939,#91e939,1,0.89,CENTRAL-AMERICA,3595528,15.5,-90.25,A,Guatemala,SCA,4022428-4
'Virgin Islands',fr,U.S. Virgin Islands,#0EAD55,#0EAD55,1,0.89,CENTRAL-AMERICA,4796512,17.72751,-64.74698,P,U.S. Virgin Islands,CAR,4229389-3
'Koweit',fr,Kuwait,#5574ec,#5574ec,1,0.89,ASIA,285570,29.5,47.75,A,Kuwait,ARP,4073919-3
'Kazakhstan',fr,Kazakhstan,#8b7bf0,#8b7bf0,1,0.89,ASIA,1522867,48.0,68.0,A,Kazakhstan,WSB,1009150-6
'Tokelau',fr,Tokelau,#05147B,#05147B,1,0.89,PACIFIC,4031074,-9.167,-171.83,A,Tokelau,EPO,4236941-1
'Îles Turques et Caïques',fr,Turks and Caicos Islands,#65ea45,#65ea45,1,0.89,CENTRAL-AMERICA,3576916,21.73333,-71.58333,A,Turks and Caicos Islands,CAR,4285170-1
'grand-mère',fr,Bonaire; Saint Eustatius and Saba ,#a7ef6f,#a7ef6f,1,0.89,NORTH-AMERICA,4994353,42.00825,-86.54436,H,United States,ENA,1249101638
'Jérusalem-Est',fr,Palestinian Territory,#5a96ec,#5a96ec,3,0.870574434259,EUROPE-AFRICA,6254930,31.92157,35.20329,A,Palestine,MED,
'Koweït ville',fr,Kuwait,#9EAEB4,#9EAEB4,2,0.865450045,ASIA,285570,29.5,47.75,A,Kuwait,ARP,4073919-3
'Territoire palestinien',fr,Palestinian Territory,#879448,#879448,3,0.833590368636,EUROPE-AFRICA,6254930,31.92157,35.20329,A,Palestine,MED,
'Port-aux-Français',fr,French Southern Territories,#210e80,#210e80,3,0.824484552136,SOUTHERN,1546102,-49.34916,70.21937,P,French Southern Territories,SOO,
'Antarctique',fr,Antarctica,#073546,#073546,3,0.797004009045,POLAR,6255152,-78.15856,16.40626,L,Antarctica,EAN,4002208-0
'Charlotte-Amélie',fr,U.S. Virgin Islands,#0EAD55,#0EAD55,2,0.79552524,CENTRAL-AMERICA,4796512,17.72751,-64.74698,P,U.S. Virgin Islands,CAR,4229389-3
'Ouest-de-l'Île',fr,Cocos Islands,#1e0e80,#1e0e80,3,0.783174660478,SOUTHERN,1546171,-49.34818,68.7106,T,French Southern Territories,SOO,
'Vatican',fr,Vatican,#6ed4ee,#6ed4ee,3,0.782294422267,EUROPE-AFRICA,3164670,41.90225,12.4533,A,Vatican,MED,4062404-3
'Guatemala-ville',fr,Guatemala,#74C8D9,#74C8D9,1,0.77787752775,CENTRAL-AMERICA,3595528,15.5,-90.25,A,Guatemala,SCA,4022428-4
'Îles Vierges américaines',fr,U.S. Virgin Islands,#0EAD55,#0EAD55,2,0.76590009,CENTRAL-AMERICA,4796512,17.72751,-64.74698,P,U.S. Virgin Islands,CAR,4229389-3
'Ville de Cockburn',fr,Turks and Caicos Islands,#81434C,#81434C,1,0.765,CENTRAL-AMERICA,3576916,21.73333,-71.58333,A,Turks and Caicos Islands,CAR,4285170-1
'Crique du poisson volant',fr,Christmas Island,#0C2D52,#0C2D52,1,0.765,INDIAN,2078127,-10.42172,105.67912,P,Christmas Island,SIO,
'Noursoultan',fr,Kazakhstan,#BBD1D4,#BBD1D4,1,0.765,ASIA,1522867,48.0,68.0,A,Kazakhstan,WSB,1009150-6
'Bonaire ; Saint Eustache et Saba',fr,Bonaire; Saint Eustatius and Saba ,#05E5B4,#05E5B4,1,0.765,CENTRAL-AMERICA,7626844,12.21286,-68.29445,A,"Bonaire, Sint Eustatius, and Saba",CAR,
'Tokélaou',fr,Tokelau,#05147B,#05147B,1,0.765,PACIFIC,4031074,-9.167,-171.83,A,Tokelau,EPO,4236941-1
'Îles Cocos',fr,Cocos Islands,#8616cc,#8616cc,1,0.741752538588,INDIAN,1547376,-12.1642,96.87332,A,Îles Cocos,SIO,4298716-7
'Cité du Vatican',fr,Vatican,#6ed4ee,#6ed4ee,2,0.732834327175,EUROPE-AFRICA,6691831,41.90268,12.45414,P,Vatican,MED,4062404-3
'Terres australes françaises',fr,French Southern Territories,#1e0f8d,#1e0f8d,1,0.723016827175,SOUTHERN,1546748,-43.0,67.0,A,Terres australes françaises,SOO,4480857-4
'Pitcairn',fr,Pitcairn,#b29713,#b29713,2,0.72277752775,PACIFIC,4030699,-25.06667,-130.1,A,Pitcairn,SPO,4115982-2
'Îles mineures éloignées des États-Unis',fr,United States Minor Outlying Islands,#e65f25,#e65f25,1,0.722726809418,PACIFIC,5854968,5.875,-162.057,A,Îles mineures éloignées des États-Unis,EPO,4451497-9
'Géorgie du Sud et îles Sandwich du Sud',fr,South Georgia and the South Sandwich Islands,#0c733a,#0c733a,1,0.7225,SOUTHERN,3474415,-56.0,-33.0,A,Géorgie du Sud-et-les îles Sandwich du Sud,SOO,
'Grytviken',fr,South Georgia and the South Sandwich Islands,#0d7636,#0d7636,1,0.7225,SOUTHERN,3426466,-54.28111,-36.5092,P,South Georgia and the South Sandwich Islands,SOO,1174011807
'Île Bouvet',fr,Bouvet Island,#0d7076,#0d7076,1,0.7225,SOUTHERN,3371123,-54.43333,3.4,A,Bouvet Island,SOO,
'Adamstown',fr,Pitcairn,#b29713,#b29713,1,0.7225,PACIFIC,4030723,-25.06597,-130.10147,P,Pitcairn,SPO,
'Île Heard et îles McDonald',fr,Heard Island and McDonald Islands,#250d79,#250d79,1,0.7225,SOUTHERN,1547314,-53.11711,73.50952,A,Heard Island and McDonald Islands,SOO,4451482-7
'Île Norfolk',fr,Norfolk Island,#aa1231,#aa1231,2,0.64704595186,PACIFIC,2155115,-29.03333,167.95,A,Norfolk Island,SPO,4294928-2
'Alofi',fr,Niue,#be3115,#be3115,2,0.561680517082,PACIFIC,4036284,-19.05294,-169.91957,P,Niue,SPO,4290878-4
'Nioué',fr,Niue,#be3115,#be3115,2,0.561680517082,PACIFIC,4036232,-19.03333,-169.86667,A,Niue,SPO,
'Longyearbyen',fr,Svalbard and Jan Mayen,#b9e7f7,#b9e7f7,2,0.492156862745,ARCTIC,2729907,78.22334,15.64689,P,Svalbard et Jan Mayen,ARO,4099794-7
'Svalbard et Jan Mayen',fr,Svalbard and Jan Mayen,#b8e2f7,#b8e2f7,2,0.492156862745,ARCTIC,607072,78.0,20.0,A,Svalbard et Jan Mayen,ARO,
'Îles Falkland',fr,Falkland Islands,#0d7b0f,#0d7b0f,2,0.479075056861,SOUTH-AMERICA,3474414,-51.75,-59.16667,A,Falkland Islands,SSA,4071109-2
'Stanley',fr,Falkland Islands,#0d7c11,#0d7c11,2,0.479075056861,SOUTH-AMERICA,3426691,-51.69382,-57.85701,P,Falkland Islands,SSA,4030866-2
'Territoire britannique de l'océan Indien',fr,British Indian Ocean Territory,#3e18d9,#3e18d9,2,0.350924814434,INDIAN,1282588,-6.0,72.0,A,Territoire britannique de l'océan Indien,EIO,4480858-6
'Diego García',fr,British Indian Ocean Territory,#3f17d6,#3f17d6,2,0.35,INDIAN,1282575,-7.31264,72.45161,T,Territoire britannique de l'océan Indien,EIO,4090770-3
'Saint-Pierre-et-Miquelon',fr,Saint Pierre and Miquelon,#79f080,#79f080,2,0.242612664005,NORTH-AMERICA,3424932,46.83333,-56.33333,A,Saint Pierre and Miquelon,ENA,4198311-7
'Saint Pierre',fr,Saint Pierre and Miquelon,#93c2f3,#93c2f3,2,0.242612664005,EUROPE,498817,59.93863,30.31413,P,Russia,NEU,2034200-7
'Jamestown',fr,Saint Helena,#15c5b4,#15c5b4,2,0.234048257373,ATLANTIC,3370903,-15.92488,-5.71816,P,Sainte-Hélène,SAO,4495755-5
'Sainte-Hélène',fr,Saint Helena,#15c4b4,#15c4b4,2,0.234048257373,ATLANTIC,3370751,-15.95,-5.7,A,Saint Helena,SAO,4051605-2
'Gustavia',fr,Saint Barthelemy,#46e93e,#46e93e,2,0.218343195266,CENTRAL-AMERICA,3579132,17.89618,-62.84978,P,Saint Barthelemy,CAR,16049949-5
'Saint Barthélemy',fr,Saint Barthelemy,#46e93e,#46e93e,2,0.218343195266,CENTRAL-AMERICA,3578476,17.9,-62.8257,A,Saint Barthelemy,CAR,4271726-7
'Plymouth',fr,Montserrat,#95101d,#95101d,2,0.207054919174,OCEANIA,2186239,-39.06667,174.08333,P,New Zealand,NZ,4117855-5
'Montserrat',fr,Montserrat,#42e93b,#42e93b,2,0.207054919174,CENTRAL-AMERICA,3578097,16.75,-62.2,A,Montserrat,CAR,4274693-0
'Tuvalu',fr,Tuvalu,#d4171a,#d4171a,2,0.186896072298,PACIFIC,2110297,-8.51719,179.14478,A,Tuvalu,EPO,14679-1
'Funafuti',fr,Tuvalu,#d4171a,#d4171a,2,0.186896072298,PACIFIC,2110394,-8.52425,179.19417,P,Tuvalu,EPO,131634195X
'Yaren',fr,Nauru,#e41945,#e41945,2,0.178715365239,PACIFIC,7626461,-0.55085,166.9252,P,Nauru,EPO,1345101821
'Nauru',fr,Nauru,#e41945,#e41945,2,0.178715365239,PACIFIC,2110425,-0.517,166.933,A,Nauru,EPO,4122008-0
'La Vallée',fr,Anguilla,#29e7d7,#29e7d7,2,0.17544892108,AFRICA,2290956,7.69385,-5.03031,P,Ivory Coast,WAF,4069617-0
'Anguilla',fr,Anguilla,#47e93e,#47e93e,2,0.17544892108,CENTRAL-AMERICA,3573511,18.21667,-63.05,A,Anguilla,CAR,4426211-5
'Wallis et Futuna',fr,Wallis and Futuna,#ca2116,#ca2116,2,0.1624024961,PACIFIC,4034749,-13.3,-176.2,A,Wallis and Futuna,SPO,4210894-9
'Mata Utu',fr,Wallis and Futuna,#ca2116,#ca2116,2,0.1624024961,PACIFIC,4034821,-13.28163,-176.17453,P,Wallis and Futuna,SPO,
'Mélékeok',fr,Palau,#e728b8,#e728b8,2,0.155844083319,PACIFIC,4037930,7.494,134.6345,A,Palaos,EPO,7621948-3
'Palaos',fr,Palau,#e728b8,#e728b8,2,0.155844083319,PACIFIC,1559582,7.503,134.621,A,Palau,EPO,4044396-6
'Îles Cook',fr,Cook Islands,#ba4c14,#ba4c14,2,0.146755189826,PACIFIC,1899402,-21.24842,-159.78516,A,Cook Islands,SPO,4230226-2
'Avarua',fr,Cook Islands,#ba4c14,#ba4c14,2,0.146755189826,PACIFIC,4035715,-21.2075,-159.77546,P,Cook Islands,SPO,3014455-3
'Îles Aland',fr,Aland Islands,#d417ca,#d417ca,2,0.137437759724,ASIA,8425350,-8.4812,122.9479,T,Indonesia,SEA,
'Mariehamn',fr,Aland Islands,#94d3f3,#94d3f3,2,0.137437759724,EUROPE,3041732,60.09726,19.93481,P,Aland Islands,NEU,4229233-5
'Israël',fr,Israel,#5997ec,#5997ec,2,0.134556597065,EUROPE-AFRICA,294640,31.5,34.75,A,Israel,MED,4027808-6
'Route Ville',fr,British Virgin Islands,#78e8f0,#78e8f0,2,0.13355479498,EUROPE,12319052,46.76699,3.79623,P,France,WCE,1186743131
'Îles Vierges britanniques',fr,British Virgin Islands,#4ce93f,#4ce93f,2,0.13355479498,CENTRAL-AMERICA,3577718,18.5,-64.5,A,Îles Vierges,CAR,4063590-9
'Gibraltar',fr,Gibraltar,#63ede1,#63ede1,2,0.12965774957,EUROPE-AFRICA,2411585,36.14474,-5.35257,P,Gibraltar,MED,4605126-0
'Saint-Marin',fr,San Marino,#73d5ef,#73d5ef,2,0.129598934438,EUROPE-AFRICA,3168068,43.9367,12.4463,A,San Marino,MED,4051524-2
'Marigot',fr,Saint Martin,#47e93e,#47e93e,2,0.126835551739,CENTRAL-AMERICA,3578851,18.06819,-63.08302,P,Saint Martin,CAR,
'Vaduz',fr,Liechtenstein,#79ddf0,#79ddf0,2,0.12637826431,EUROPE,3042030,47.14151,9.52154,P,Liechtenstein,WCE,4062244-7
'Liechtenstein',fr,Liechtenstein,#79ddf0,#79ddf0,2,0.12637826431,EUROPE,3042058,47.16667,9.53333,A,Liechtenstein,WCE,4035665-6
'Monaco',fr,Monaco,#72dfef,#72dfef,2,0.125851817383,EUROPE-AFRICA,2993457,43.73141,7.41903,A,Monaco,MED,4040031-1
'Philipsbourg',fr,Sint Maarten,#3fe93b,#3fe93b,2,0.124597825552,CENTRAL-AMERICA,3578631,16.43817,-61.47124,P,Guadeloupe,CAR,
'Saint-Martin',fr,Sint Maarten,#47e93e,#47e93e,2,0.124597825552,CENTRAL-AMERICA,7609695,18.04167,-63.06667,A,Sint Maarten,CAR,4717214-9
'Tórshavn',fr,Faroe Islands,#97f3e9,#97f3e9,2,0.120619832155,EUROPE,2611396,62.00973,-6.77164,P,Faroe Islands,NEU,4453152-7
'Îles Féroé',fr,Faroe Islands,#97f3e8,#97f3e8,2,0.120619832155,EUROPE,2622320,62.0,-7.0,A,Îles Féroé,NEU,4016258-8
'Basseterre',fr,Saint Kitts and Nevis,#44e93c,#44e93c,2,0.119069049027,CENTRAL-AMERICA,3575551,17.2955,-62.72499,P,Saint Kitts and Nevis,CAR,4631228-6
'Saint-Kitts-et-Nevis',fr,Saint Kitts and Nevis,#44e93c,#44e93c,2,0.119069049027,CENTRAL-AMERICA,3575174,17.33333,-62.75,A,Saint Kitts and Nevis,CAR,4118251-0
'Pago Pago',fr,American Samoa,#c83116,#c83116,2,0.118029387902,PACIFIC,5881576,-14.27806,-170.7025,P,Samoa américaines,SPO,7636942-0
'Samoa américaines',fr,American Samoa,#c83516,#c83516,2,0.118029387902,PACIFIC,5880801,-14.23377,-169.47767,A,Samoa américaines,SPO,4085684-7
'Nuuk',fr,Greenland,#9cf4a8,#9cf4a8,2,0.117849174476,POLAR,3421319,64.18347,-51.72157,P,Groenland,GIC,671310-5
'Groenland',fr,Greenland,#acf5c4,#acf5c4,2,0.117849174476,POLAR,3425505,72.0,-40.0,A,Greenland,GIC,4022113-1
'Saipan',fr,Northern Mariana Islands,#e8389d,#e8389d,2,0.117580253859,PACIFIC,7828758,15.21233,145.7545,P,Northern Mariana Islands,NPO,16065128-1
'Îles Mariannes du Nord',fr,Northern Mariana Islands,#e8389d,#e8389d,2,0.117580253859,PACIFIC,4041468,15.214,145.756,A,Northern Mariana Islands,NPO,4249308-0
'Îles Marshall',fr,Marshall Islands,#e72843,#e72843,2,0.117119476829,PACIFIC,2080185,7.113,171.236,A,Îles Marshall,EPO,4037700-3
'Majuro',fr,Marshall Islands,#e72743,#e72743,2,0.117119476829,PACIFIC,2113779,7.08971,171.38027,P,Marshall Islands,EPO,4646776-2
'Bermudes',fr,Bermuda,#66ec5b,#66ec5b,2,0.115632816408,ATLANTIC,3573345,32.33022,-64.74003,A,Bermuda,NAO,4005759-8
'Hamilton',fr,Bermuda,#66ec5b,#66ec5b,2,0.115632816408,ATLANTIC,3573197,32.2949,-64.78303,P,Bermuda,NAO,4267270-3
'Îles Caïmans',fr,Cayman Islands,#7be941,#7be941,2,0.115582634712,CENTRAL-AMERICA,3580718,19.5,-80.66667,A,Îles Caïmans,CAR,4310479-4
'George Town',fr,Cayman Islands,#7de940,#7de940,2,0.115582634712,CENTRAL-AMERICA,3580661,19.2866,-81.37436,P,Cayman Islands,CAR,7543978-5
'Saint-Pierre-Port',fr,Guernsey,#7ef0eb,#7ef0eb,2,0.115330839517,EUROPE,3042287,49.45981,-2.53527,P,Guernsey,WCE,4526584-7
'Guernesey',fr,Guernsey,#7ef0eb,#7ef0eb,2,0.115330839517,EUROPE,3042362,49.45474,-2.57629,A,Guernsey,WCE,4022467-3
'Roseau',fr,Dominica,#3ce838,#3ce838,2,0.113961605585,CENTRAL-AMERICA,3575635,15.30174,-61.38808,P,Dominique,CAR,4602308-2
'Dominique',fr,Dominica,#3de939,#3de939,2,0.113961605585,CENTRAL-AMERICA,3575830,15.5,-61.33333,A,Dominica,CAR,4085456-5
'Andorre-la-Vieille',fr,Andorra,#70ebef,#70ebef,2,0.112986001091,EUROPE-AFRICA,3041563,42.50779,1.52109,P,Andorra,MED,4355876-8
'Andorre',fr,Andorra,#70ebef,#70ebef,2,0.112986001091,EUROPE-AFRICA,3041565,42.55,1.58333,A,Andorra,MED,4001937-8
'Douglas',fr,Isle of Man,#87f1e9,#87f1e9,2,0.1118938592,EUROPE,3042237,54.15,-4.48333,P,Isle of Man,NEU,4268534-5
'Île de Man',fr,Isle of Man,#88f1e9,#88f1e9,2,0.1118938592,EUROPE,3042225,54.25,-4.5,A,Isle of Man,NEU,4027756-2
'Jersey',fr,Jersey,#7df0ec,#7df0ec,2,0.11101176056,EUROPE,3042142,49.21667,-2.11667,A,Jersey,WCE,4028585-6
'Saint Hélier',fr,Jersey,#7df0ec,#7df0ec,2,0.11101176056,EUROPE,3042091,49.18804,-2.10491,P,Jersey,WCE,4539859-8
'Antigua-et-Barbuda',fr,Antigua and Barbuda,#41e93c,#41e93c,2,0.110385725858,CENTRAL-AMERICA,3576396,17.05,-61.8,A,Antigua and Barbuda,CAR,4086593-9
'Seychelles',fr,Seychelles,#1826dc,#1826dc,2,0.110334635497,INDIAN,241170,-4.58333,55.66667,A,Seychelles,EIO,4054694-9
'Victoria',fr,Seychelles,#1827dc,#1827dc,2,0.110334635497,INDIAN,241131,-4.62001,55.45501,P,Seychelles,EIO,4449958-9
'Fort de France',fr,Martinique,#3ae837,#3ae837,2,0.109739407596,CENTRAL-AMERICA,3570675,14.60365,-61.07418,P,Martinique,CAR,4214648-3
'Tonga',fr,Tonga,#bc2214,#bc2214,2,0.109690204173,PACIFIC,4032283,-20.0,-175.0,A,Tonga,SPO,4060396-9
'Nuku'alofa',fr,Tonga,#ba2114,#ba2114,2,0.109690204173,PACIFIC,4032402,-21.13683,-175.20114,P,Tonga,SPO,7577344-2
'Oranjestad',fr,Aruba,#51e833,#51e833,2,0.10944777741,CENTRAL-AMERICA,3577154,12.52398,-70.02703,P,Aruba,CAR,5111369-7
'Aruba',fr,Aruba,#51e832,#51e832,2,0.10944777741,CENTRAL-AMERICA,3577279,12.5,-69.96667,A,Aruba,CAR,4079840-9
'Kingstown',fr,Saint Vincent and the Grenadines,#38e834,#38e834,2,0.10907350446,CENTRAL-AMERICA,3577887,13.15527,-61.22742,P,Saint-Vincent-et-les-Grenadines,CAR,7543368-0
'Saint-Vincent-et-les Grenadines',fr,Saint Vincent and the Grenadines,#37e834,#37e834,2,0.10907350446,CENTRAL-AMERICA,3577815,13.08333,-61.2,A,Saint-Vincent-et-les-Grenadines,CAR,4051308-7
'Saint-Georges',fr,Grenada,#37e832,#37e832,2,0.108972311447,CENTRAL-AMERICA,3579925,12.05288,-61.75226,P,Grenada,CAR,4740417-6
'Grenade',fr,Grenada,#37e832,#37e832,2,0.108972311447,CENTRAL-AMERICA,3580239,12.11667,-61.66667,A,Grenada,CAR,4021981-1
'Micronésie',fr,Micronesia,#e6265a,#e6265a,2,0.108877840909,PACIFIC,7729900,6.53365,163.74023,L,Micronesia,EPO,
'Palikir',fr,Micronesia,#e7276d,#e7276d,2,0.108877840909,PACIFIC,2081986,6.92477,158.16109,P,Micronesia,EPO,4838196-2
'Kiribati',fr,Kiribati,#e51c33,#e51c33,2,0.108632075065,PACIFIC,4030945,1.421,172.984,A,Kiribati,EPO,4073459-6
'Tarawa',fr,Kiribati,#e51c33,#e51c33,2,0.108632075065,PACIFIC,2110257,1.3278,172.97696,P,Kiribati,EPO,4343979-2
'Curaçao',fr,Curacao,#4de832,#4de832,2,0.106255904009,CENTRAL-AMERICA,7626836,12.16667,-68.96667,A,Curacao,CAR,4010774-7
'France',fr,France,#77ebef,#77ebef,2,0.106215509667,EUROPE,3017382,46.0,2.0,A,France,WCE,4018145-5
'Hagatna',fr,Guam,#e8349e,#e8349e,2,0.106032527388,PACIFIC,4044012,13.47567,144.74886,P,Guam,NPO,
'Guam',fr,Guam,#e8349e,#e8349e,2,0.106032527388,PACIFIC,4043988,13.47861,144.81834,A,Guam,NPO,4267701-4
'Castries',fr,Saint Lucia,#39e836,#39e836,2,0.105497858584,CENTRAL-AMERICA,3576812,13.9957,-61.00614,P,Saint Lucia,CAR,7543968-2
'Sainte-Lucie',fr,Saint Lucia,#38e835,#38e835,2,0.105497858584,CENTRAL-AMERICA,3576468,13.88333,-60.96667,A,Saint Lucia,CAR,4051307-5
'Guyane française',fr,French Guiana,#21e638,#21e638,2,0.105114932534,SOUTH-AMERICA,3381670,4.0,-53.0,A,French Guiana,NSA,4018184-4
'Cayenne',fr,French Guiana,#23e63c,#23e63c,2,0.105114932534,SOUTH-AMERICA,3382160,4.9381,-52.33455,P,Guyane,NSA,4085187-4
'Samoa',fr,Samoa,#c92d16,#c92d16,2,0.105098659053,PACIFIC,4034894,-13.8,-172.13333,A,Samoa,SPO,4079249-3
'Apia',fr,Samoa,#c92e16,#c92e16,2,0.105098659053,PACIFIC,4035413,-13.83333,-171.76666,P,Samoa,SPO,4329680-4
'Sao Tomé',fr,Sao Tome and Principe,#14b538,#14b538,2,0.105058168943,SOUTH-AMERICA,3448439,-23.5475,-46.63611,P,Brazil,SES,4051667-2
'Sao Tomé et Principe',fr,Sao Tome and Principe,#1bcee5,#1bcee5,2,0.105058168943,AFRICA,2410758,1.0,7.0,A,Sao Tomé-et-Principe,WAF,4118426-9
'Paris',fr,France,#7decf0,#7decf0,2,0.104976980997,EUROPE,2988507,48.85341,2.3488,P,France,WCE,4044660-8
'Turquie',fr,Turkey,#69a0ee,#69a0ee,2,0.104974207569,EUROPE-AFRICA,298795,39.0,35.0,A,Turkey,MED,4061163-2
'Martinique',fr,Martinique,#3ae837,#3ae837,2,0.104789698166,CENTRAL-AMERICA,3570311,14.66667,-61.0,A,Martinique,CAR,4037735-0
'Nouvelle-Calédonie',fr,New Caledonia,#b9143c,#b9143c,2,0.104759853876,PACIFIC,2139685,-21.5,165.5,A,New Caledonia,SPO,4102498-9
'Liban',fr,Lebanon,#5e97ed,#5e97ed,2,0.103868482616,EUROPE-AFRICA,272103,33.83333,35.83333,A,Lebanon,MED,4035567-6
'El-Aaiun',fr,Western Sahara,#50ebc9,#50ebc9,2,0.103662896325,AFRICA,2462881,27.1418,-13.18797,P,Western Sahara,SAH,1151358223
'Sahara occidental',fr,Western Sahara,#4eebc5,#4eebc5,2,0.103662896325,AFRICA,2463029,26.13073,-14.48513,P,Sahara Occidental,SAH,4079248-1
'Papeete',fr,French Polynesia,#c16c15,#c16c15,2,0.103601280615,PACIFIC,4033936,-17.5347,-149.56843,P,Polynésie française,SPO,4755025-9
'Polynésie française',fr,French Polynesia,#c68b16,#c68b16,2,0.103601280615,PACIFIC,4030656,-15.0,-140.0,A,Polynésie française,SPO,4018191-1
'Mamoudzou',fr,Mayotte,#1643cb,#1643cb,2,0.103578188792,AFRICA,921815,-12.78234,45.22878,P,Mayotte,MDG,4448128-7
'Mayotte',fr,Mayotte,#1643cb,#1643cb,2,0.103578188792,AFRICA,1024031,-12.83333,45.16667,A,Mayotte,MDG,4115054-5
'Nouméa',fr,New Caledonia,#b81439,#b81439,2,0.103520383018,PACIFIC,2139521,-22.27407,166.44884,P,New Caledonia,SPO,4248174-0
'Guadeloupe',fr,Guadeloupe,#3fe93a,#3fe93a,2,0.103497613983,CENTRAL-AMERICA,3579143,16.25,-61.58333,A,Guadeloupe,CAR,4086841-2
'Barbade',fr,Barbados,#34e835,#34e835,2,0.103488684452,CENTRAL-AMERICA,3374084,13.16453,-59.55165,A,Barbados,CAR,508803-3
'Bridgetown',fr,Barbados,#34e835,#34e835,2,0.103488684452,CENTRAL-AMERICA,3374036,13.10732,-59.62021,P,Barbados,CAR,4296876-8
'Vanuatu',fr,Vanuatu,#c4153a,#c4153a,2,0.103416700834,PACIFIC,2134431,-16.3333,167.5,A,Vanuatu,SPO,4062334-8
'Port-Vila',fr,Vanuatu,#c11536,#c11536,2,0.103416700834,PACIFIC,2135171,-17.73648,168.31366,P,Vanuatu,SPO,4301367-3
'Antilles néerlandaises',fr,Netherlands Antilles,#4de832,#4de832,2,0.103333333333,CENTRAL-AMERICA,8505032,12.11721,-68.91964,A,Netherlands Antilles,CAR,4101202-1
'Willemstad',fr,Netherlands Antilles,#4de832,#4de832,2,0.103333333333,CENTRAL-AMERICA,3513090,12.12246,-68.88641,P,Netherlands Antilles,CAR,4263439-8
'Reykjavík',fr,Iceland,#9cf4d4,#9cf4d4,2,0.102828262259,POLAR,3413829,64.13548,-21.89541,P,Iceland,GIC,4049708-2
'Islande',fr,Iceland,#9ef4da,#9ef4da,2,0.102828262259,POLAR,2629691,65.0,-18.0,A,Iceland,GIC,4027754-9
'Beyrouth',fr,Lebanon,#5e98ed,#5e98ed,2,0.102628441039,EUROPE-AFRICA,276781,33.89332,35.50157,P,Lebanon,MED,4005348-9
'Bélize',fr,Belize,#8fe93c,#8fe93c,2,0.10261048213,CENTRAL-AMERICA,3582678,17.25,-88.75,A,Belize,SCA,4005412-3
'Belmopan',fr,Belize,#8fe93c,#8fe93c,2,0.10261048213,CENTRAL-AMERICA,3582672,17.25376,-88.76401,P,Belize,SCA,7543950-5
'Nassau',fr,Bahamas,#7aeb4c,#7aeb4c,2,0.102593092003,NORTH-AMERICA,3571824,25.05823,-77.34306,P,Bahamas,ENA,4521938-2
'Bahamas',fr,Bahamas,#7aeb4c,#7aeb4c,2,0.102593092003,NORTH-AMERICA,3572887,25.04082,-77.37122,A,Bahamas,ENA,502239-3
'Suède',fr,Sweden,#97dcf3,#97dcf3,2,0.102580693757,EUROPE,2661886,62.0,15.0,A,Sweden,NEU,4077258-5
'L'Iran',fr,Iran,#5a6bec,#5a6bec,2,0.102494824993,ASIA,130758,32.0,53.0,A,Iran,WCA,4027653-3
'Allemagne',fr,Germany,#82ddf1,#82ddf1,2,0.102494658967,EUROPE,2921044,51.5,10.5,A,Germany,WCE,4011882-4
'Washington',fr,United States,#8eee68,#8eee68,2,0.102485668095,NORTH-AMERICA,4140963,38.89511,-77.03637,P,United States,ENA,4064682-8
'Chine',fr,China,#ca60ed,#ca60ed,2,0.102483322818,ASIA,1814991,35.0,105.0,A,China,EAS,4009937-4
'Brunéi',fr,Brunei,#d522e6,#d522e6,2,0.102331208825,ASIA,1820814,4.5,114.66667,A,Brunei,SEA,4008479-6
'Bandar Seri Begawan',fr,Brunei,#d623e6,#d623e6,2,0.102331208825,ASIA,1820906,4.89035,114.94006,P,Brunei,SEA,7517434-0
'Basse Terre',fr,Guadeloupe,#3fe93a,#3fe93a,2,0.102257336343,CENTRAL-AMERICA,3579732,15.99714,-61.73214,P,Guadeloupe,CAR,4357513-4
'Malte',fr,Malta,#62cced,#62cced,2,0.102068124005,EUROPE-AFRICA,2562770,35.91667,14.43333,A,Malta,MED,508790-9
'La Valette',fr,Malta,#71e2ef,#71e2ef,2,0.102068124005,EUROPE-AFRICA,3005825,43.13763,5.98317,P,France,MED,4314577-2
'Guinée équatoriale',fr,Equatorial Guinea,#1cc2e5,#1cc2e5,2,0.102005176412,AFRICA,2309096,1.7,10.5,A,Equatorial Guinea,CAF,4068436-2
'Port d'Espagne',fr,Trinidad and Tobago,#33e72f,#33e72f,2,0.101960745091,SOUTH-AMERICA,3573890,10.66668,-61.51889,P,Trinidad and Tobago,NSA,4116060-5
'Mâle',fr,Maldives,#4e22e6,#4e22e6,2,0.101939126927,INDIAN,1282027,4.17521,73.50916,P,Maldives,EIO,4372787-6
'Maldives',fr,Maldives,#4a20e6,#4a20e6,2,0.101939126927,INDIAN,1282028,3.2,73.0,A,Maldives,EIO,4037212-1
'Cap-Vert',fr,Cabo Verde,#3ae9a3,#3ae9a3,2,0.101839022964,ATLANTIC,3374766,16.0,-24.0,A,Cap-Vert,NAO,4029617-9
'Plage',fr,Cabo Verde,#50ebc9,#50ebc9,2,0.101839022964,AFRICA,2461993,27.09611,-13.41583,P,Western Sahara,SAH,4243196-7
'Paramaribo',fr,Suriname,#25e635,#25e635,2,0.101736138238,SOUTH-AMERICA,3383330,5.86638,-55.16682,P,Suriname,NSA,4406196-1
'Surinam',fr,Suriname,#21e62e,#21e62e,2,0.101736138238,SOUTH-AMERICA,3382998,4.0,-56.0,A,Suriname,NSA,134327-0
'Luxembourg',fr,Luxembourg,#7ee5f0,#7ee5f0,2,0.101645472975,EUROPE,2960313,49.75,6.16667,A,Luxembourg,WCE,4036728-9
'Monténégro',fr,Montenegro,#70c6ef,#70c6ef,2,0.101606825796,EUROPE-AFRICA,3194884,42.75,19.25,A,Montenegro,MED,4040163-7
'Podgorica',fr,Montenegro,#70c6ef,#70c6ef,2,0.101606825796,EUROPE-AFRICA,3193044,42.44111,19.26361,P,Montenegro,MED,4120067-6
'Qatar',fr,Qatar,#4d64eb,#4d64eb,2,0.101600967414,ASIA,289688,25.5,51.25,A,Qatar,ARP,4029924-7
'Macao',fr,Macao,#d846ea,#d846ea,2,0.101583190318,ASIA,1821274,22.20056,113.54611,P,Macao,EAS,4036791-5
'Honiara',fr,Solomon Islands,#d21755,#d21755,2,0.101531726654,PACIFIC,2108502,-9.43333,159.95,P,Solomon Islands,EPO,4241310-2
'Îles Salomon',fr,Solomon Islands,#d5175a,#d5175a,2,0.101531726654,PACIFIC,2103350,-8.0,159.0,A,Solomon Islands,EPO,4265796-9
'Costa Rica',fr,Costa Rica,#78e72d,#78e72d,2,0.101441593795,CENTRAL-AMERICA,3624060,10.0,-84.0,A,Costa Rica,SCA,4010618-4
'Oslo',fr,Norway,#93e2f3,#93e2f3,2,0.101429749074,EUROPE,3143244,59.91273,10.74609,P,Norway,NEU,1013733-6
'Papouasie-Nouvelle-Guinée',fr,Papua New Guinea,#d91882,#d91882,2,0.10135781735,ASIA,2088628,-6.0,147.0,A,Papua New Guinea,SEA,4044569-0
'Jordanie',fr,Jordan,#5893ec,#5893ec,2,0.101342075249,EUROPE-AFRICA,248816,31.0,36.0,A,Jordan,MED,4028750-6
'Port-au-Prince',fr,Haiti,#62e93f,#62e93f,2,0.101331542352,CENTRAL-AMERICA,3718426,18.54349,-72.33881,P,Haiti,CAR,4116064-2
'Haïti',fr,Haiti,#63e940,#63e940,2,0.101331542352,CENTRAL-AMERICA,3723988,19.07582,-72.29616,A,Haiti,CAR,4022974-9
'Bruxelles',fr,Belgium,#81e8f1,#81e8f1,2,0.101329191256,EUROPE,2800866,50.85045,4.34878,P,Belgium,WCE,4008460-7
'Thimphou',fr,Bhutan,#9d51eb,#9d51eb,2,0.101325567277,ASIA,1252416,27.46609,89.64191,P,Bhutan,TIB,4745884-7
'Bhoutan',fr,Bhutan,#9f51eb,#9f51eb,2,0.101325567277,ASIA,1252634,27.5,90.5,A,Bhutan,TIB,4006397-5
'Bamako',fr,Mali,#33e8d0,#33e8d0,2,0.101294080535,AFRICA,2460596,12.60915,-7.97522,P,Mali,WAF,4086612-9
'Saint Denis',fr,Reunion,#1421ba,#1421ba,2,0.101287087424,INDIAN,935264,-20.88231,55.4504,P,Réunion,SIO,4342065-5
'Réunion',fr,Reunion,#1420ba,#1420ba,2,0.101287087424,INDIAN,935317,-21.1,55.6,A,Reunion,SIO,4049639-9
'Guyane',fr,Guyana,#23e626,#23e626,2,0.101283690456,SOUTH-AMERICA,3378535,5.0,-59.0,A,Guyana,NSA,4072186-3
'Georgetown',fr,Guyana,#27e72d,#27e72d,2,0.101283690456,SOUTH-AMERICA,3378644,6.80448,-58.15527,P,Guyana,NSA,4406166-3
'Australie',fr,Australia,#b2138a,#b2138a,2,0.101281683214,OCEANIA,2077456,-25.0,135.0,A,Australia,CAU,4003900-6
'Venezuela',fr,Venezuela,#3ce729,#3ce729,2,0.101276312141,SOUTH-AMERICA,3625428,8.0,-66.0,A,Venezuela,NSA,4062512-6
'Caracas',fr,Venezuela,#44e72e,#44e72e,2,0.101276312141,SOUTH-AMERICA,3646738,10.48801,-66.87919,P,Venezuela,NSA,4009457-1
'Pérou',fr,Peru,#46d117,#46d117,2,0.101272936938,SOUTH-AMERICA,3932488,-10.0,-75.25,A,Peru,NWS,4045312-1
'Buenos Aires',fr,Argentina,#119e15,#119e15,2,0.101264156591,SOUTH-AMERICA,3435910,-34.61315,-58.37723,P,Argentina,SES,4008756-6
'Ukraine',fr,Ukraine,#7db3f0,#7db3f0,2,0.101264092156,EUROPE,690791,49.0,32.0,A,Ukraine,WCE,4061496-7
'Rome',fr,Italy,#6ed4ee,#6ed4ee,2,0.10125823331,EUROPE-AFRICA,3169070,41.89193,12.51133,P,Italy,MED,4050471-2
'Thaïlande',fr,Thailand,#b139e9,#b139e9,2,0.101256090224,ASIA,1605651,15.5,101.0,A,Thailand,SEA,4078228-1
'Téhéran',fr,Iran,#6276ed,#6276ed,2,0.101253913175,ASIA,112931,35.69439,51.42151,P,Iran,WCA,4059304-6
'Mexique',fr,Mexico,#baea48,#baea48,2,0.101249615458,CENTRAL-AMERICA,3996063,23.0,-102.0,A,Mexico,NCA,4039058-5
'Mexico',fr,Mexico,#baea48,#baea48,2,0.101249615458,CENTRAL-AMERICA,3996063,23.0,-102.0,A,Mexico,NCA,4039058-5
'Russie',fr,Russia,#d393f3,#d393f3,2,0.10124861304,ASIA,2017370,60.0,100.0,A,Russia,ESB,4076899-5
'Brésil',fr,Brazil,#17d126,#17d126,2,0.101246466877,SOUTH-AMERICA,3469034,-10.0,-55.0,A,Brazil,SAM,4008003-1
'Pakistan',fr,Pakistan,#6f56ec,#6f56ec,2,0.101246405148,ASIA,1168579,30.0,70.0,A,Pakistan,WCA,4075812-6
'Indonésie',fr,Indonesia,#db18db,#db18db,2,0.101245429588,ASIA,1643084,-5.0,120.0,A,Indonesia,SEA,4026761-1
'Pékin',fr,China,#e66aee,#e66aee,2,0.101242403761,ASIA,1816670,39.9075,116.39723,P,China,EAS,4075971-4
'Comores',fr,Comoros,#1645cc,#1645cc,2,0.10120145809,AFRICA,921929,-12.23333,44.44553,A,Comoros,ESAF,4265797-0
'Moroni',fr,Comoros,#1649cd,#1649cd,2,0.10120145809,AFRICA,921772,-11.70216,43.25506,P,Comoros,ESAF,279040-3
'Suva',fr,Fiji,#c01519,#c01519,2,0.101131883692,PACIFIC,2198148,-18.13683,178.42531,P,Fidji,SPO,4058679-0
'Fidji',fr,Fiji,#c0151b,#c0151b,2,0.101131883692,PACIFIC,2205218,-18.0,178.0,A,Fiji,SPO,4017063-9
'Djibouti',fr,Djibouti,#3166e8,#3166e8,2,0.101042839862,AFRICA,223816,11.83333,42.5,A,Djibouti,NEAF,4070610-2
'Eswatini',fr,Eswatini,#135daf,#135daf,2,0.10088013371,AFRICA,934841,-26.5,31.5,A,Eswatini,ESAF,1225128579
'Mbabane',fr,Eswatini,#135eaf,#135eaf,2,0.10088013371,AFRICA,934985,-26.31667,31.13333,P,Eswatini,ESAF,4307903-9
'Nicosie',fr,Cyprus,#619fed,#619fed,2,0.100840855486,EUROPE-AFRICA,146268,35.17531,33.3642,P,Cyprus,MED,4075406-6
'Chypre',fr,Cyprus,#60a0ed,#60a0ed,2,0.100840855486,EUROPE-AFRICA,146669,35.0,33.0,A,Cyprus,MED,4241756-9
'Port-Louis',fr,Mauritius,#141bbc,#141bbc,2,0.100790324531,INDIAN,934154,-20.16194,57.49889,P,Mauritius,SIO,4116066-6
'Maurice',fr,Mauritius,#141bbc,#141bbc,2,0.100790324531,INDIAN,934292,-20.3,57.58333,A,Mauritius,SIO,14427-7
'Timor oriental',fr,Timor Leste,#d317c1,#d317c1,2,0.100788660948,ASIA,1966436,-8.83333,125.75,A,Timor Leste,SEA,4075765-1
'Dili',fr,Timor Leste,#d417c2,#d417c2,2,0.100788660948,ASIA,1645457,-8.55861,125.57361,P,Timor Leste,SEA,7587061-7
'Malabo',fr,Equatorial Guinea,#21c9e6,#21c9e6,2,0.100763957115,AFRICA,2309527,3.75578,8.78166,P,Equatorial Guinea,WAF,5073451-9
'Estonie',fr,Estonia,#91c8f2,#91c8f2,2,0.100757068751,EUROPE,453733,59.0,26.0,A,Estonia,NEU,4015587-0
'Tallinn',fr,Estonia,#92cbf2,#92cbf2,2,0.100757068751,EUROPE,588409,59.43696,24.75353,P,Estonia,NEU,5093293-7
'Trinité-et-Tobago',fr,Trinidad and Tobago,#33e72f,#33e72f,2,0.100719497963,SOUTH-AMERICA,3573591,11.0,-61.0,A,Trinité-et-Tobago,NSA,4060907-8
'Bahreïn',fr,Bahrain,#4e67eb,#4e67eb,2,0.100637170352,ASIA,290291,26.03333,50.55,A,Bahrain,ARP,4004268-6
'Manama',fr,Bahrain,#4f67eb,#4f67eb,2,0.100637170352,ASIA,290340,26.22787,50.58565,P,Bahrain,ARP,4100079-1
'Pristina',fr,Kosovo,#70c2ef,#70c2ef,2,0.100541917303,EUROPE-AFRICA,786714,42.67272,21.16688,P,Kosovo,MED,4220079-9
'Kosovo',fr,Kosovo,#70c2ef,#70c2ef,2,0.100541917303,EUROPE-AFRICA,831053,42.58333,20.91667,A,Kosovo,MED,4032571-4
'Bissau',fr,Guinea-Bissau,#31e8b8,#31e8b8,2,0.100533529957,AFRICA,2374775,11.86357,-15.59767,P,Guinea-Bissau,WAF,125096413X
'Guinée-Bissau',fr,Guinea-Bissau,#31e8ba,#31e8ba,2,0.100533529957,AFRICA,2372248,12.0,-15.0,A,Guinea-Bissau,WAF,4022522-7
'Lettonie',fr,Latvia,#8dc8f2,#8dc8f2,2,0.100519064728,EUROPE,458258,57.0,25.0,A,Latvia,WCE,4074187-4
'Riga',fr,Latvia,#8dc9f2,#8dc9f2,2,0.100519064728,EUROPE,456172,56.946,24.10589,P,Latvia,WCE,4050042-1
'Slovénie',fr,Slovenia,#77d1ef,#77d1ef,2,0.100483705884,EUROPE,3190538,46.08333,15.0,A,Slovenia,WCE,4055302-4
'Ljubljana',fr,Slovenia,#77d2ef,#77d2ef,2,0.100483705884,EUROPE,3196359,46.05108,14.50513,P,Slovenia,WCE,510428-2
'Macédoine du Nord',fr,North Macedonia,#6ec0ee,#6ec0ee,2,0.100480086492,EUROPE-AFRICA,718075,41.66667,21.75,A,North Macedonia,MED,4114937-3
'Skopje',fr,North Macedonia,#6fc1ef,#6fc1ef,2,0.100480086492,EUROPE-AFRICA,785842,41.99646,21.43141,P,North Macedonia,MED,10055094-0
'Maseru',fr,Lesotho,#1264a9,#1264a9,2,0.100474353598,AFRICA,932505,-29.31667,27.48333,P,Lesotho,ESAF,4371854-1
'Lesotho',fr,Lesotho,#1262a9,#1262a9,2,0.100474353598,AFRICA,932692,-29.5,28.25,A,Lesotho,ESAF,4074183-7
'Gabon',fr,Gabon,#19bbe3,#19bbe3,2,0.10047185948,AFRICA,2400553,-1.0,11.75,A,Gabon,CAF,4019052-3
'Libreville',fr,Gabon,#1ac5e5,#1ac5e5,2,0.10047185948,AFRICA,2399697,0.39241,9.45356,P,Gabon,CAF,4417068-3
'Gaborone',fr,Botswana,#136eb3,#136eb3,2,0.100443630924,AFRICA,933773,-24.65451,25.90859,P,Botswana,ESAF,4311027-7
'Botswana',fr,Botswana,#1476b8,#1476b8,2,0.100443630924,AFRICA,933860,-22.0,24.0,A,Botswana,WSAF,4007857-7
'Banjul',fr,Gambia,#34e8b6,#34e8b6,2,0.100438576871,AFRICA,2413876,13.45274,-16.57803,P,Gambie,WAF,380396-X
'Gambie',fr,Gambia,#35e8ba,#35e8ba,2,0.100438576871,AFRICA,2413451,13.5,-15.5,A,Gambie,WAF,4019197-7
'Windhoek',fr,Namibia,#1489b7,#1489b7,2,0.100408454185,AFRICA,3352136,-22.55941,17.08323,P,Namibia,WSAF,4079332-1
'Namibie',fr,Namibia,#148ab8,#148ab8,2,0.100408454185,AFRICA,3355338,-22.0,17.0,A,Namibia,WSAF,4075202-1
'Doha',fr,Qatar,#4d63eb,#4d63eb,2,0.100359495369,ASIA,290030,25.28545,51.53096,P,Qatar,ARP,4552721-0
'Lituanie',fr,Lithuania,#8ac8f2,#8ac8f2,2,0.100358482943,EUROPE,597427,55.41667,24.0,A,Lithuania,WCE,4074266-0
'Vilnius',fr,Lithuania,#89c5f1,#89c5f1,2,0.100358482943,EUROPE,593116,54.68916,25.2798,P,Lithuania,WCE,5057560-0
'Albanie',fr,Albania,#6dc3ee,#6dc3ee,2,0.100348872583,EUROPE-AFRICA,783754,41.0,20.0,A,Albania,MED,4001028-4
'Tirana',fr,Albania,#6dc4ee,#6dc4ee,2,0.100348872583,EUROPE-AFRICA,3183875,41.3275,19.81889,P,Albania,MED,4270905-2
'Kingston',fr,Jamaica,#6ee93e,#6ee93e,2,0.100340732336,CENTRAL-AMERICA,3489854,17.99702,-76.79358,P,Jamaica,CAR,4198339-7
'Jamaïque',fr,Jamaica,#6fe93e,#6fe93e,2,0.100340732336,CENTRAL-AMERICA,3489940,18.16667,-77.25,A,Jamaica,CAR,127193-3
'Erevan',fr,Armenia,#6b8dee,#6b8dee,2,0.100324212164,ASIA,616052,40.18111,44.51361,P,Armenia,WCA,4098059-5
'Arménie',fr,Armenia,#6b8cee,#6b8cee,2,0.100324212164,ASIA,174982,40.25,45.0,A,Armenia,WCA,4085931-9
'Mongolie',fr,Mongolia,#d177ef,#d177ef,2,0.100315436716,ASIA,2029969,46.0,105.0,A,Mongolia,ESB,4040056-6
'Oulan-Bator',fr,Mongolia,#d67bf0,#d67bf0,2,0.100315436716,ASIA,2028462,47.90771,106.88324,P,Mongolia,ESB,4061507-8
'Saint-Jean',fr,Puerto Rico,#7df0ec,#7df0ec,2,0.100312974058,EUROPE,3042089,49.24556,-2.13861,P,Jersey,WCE,4679621-6
'Porto Rico',fr,Puerto Rico,#51e93e,#51e93e,2,0.100312974058,CENTRAL-AMERICA,4566967,18.2494,-66.50101,T,Puerto Rico,CAR,4076429-1
'Bosnie-Herzégovine',fr,Bosnia and Herzegovina,#73caef,#73caef,2,0.100300848785,EUROPE-AFRICA,3277605,44.25,17.83333,A,Bosnia and Herzegovina,MED,4088119-2
'Sarajevo',fr,Bosnia and Herzegovina,#72c9ef,#72c9ef,2,0.100300848785,EUROPE-AFRICA,3191281,43.84864,18.35644,P,Bosnia and Herzegovina,MED,4077016-3
'Uruguay',fr,Uruguay,#12a21b,#12a21b,2,0.10028991398,SOUTH-AMERICA,3439705,-33.0,-56.0,A,Uruguay,SES,4062186-8
'Montevidéo',fr,Uruguay,#119e1a,#119e1a,2,0.10028991398,SOUTH-AMERICA,3441575,-34.90328,-56.18816,P,Uruguay,SES,4115214-1
'Chişinău',fr,Moldova,#79b7f0,#79b7f0,2,0.100282017201,EUROPE,618426,47.00556,28.8575,P,Moldova,WCE,1028367-5
'Moldavie',fr,Moldova,#79b7f0,#79b7f0,2,0.100282017201,EUROPE,617790,47.25,28.58333,A,Moldova,WCE,4039967-9
'Géorgie',fr,Georgia,#6f92ef,#6f92ef,2,0.100269941962,ASIA,614540,41.99998,43.4999,A,Georgia,WCA,4022406-5
'Tbilissi',fr,Georgia,#6e8fee,#6e8fee,2,0.100269941962,ASIA,611717,41.69411,44.83368,P,Georgia,WCA,4060146-8
'Zagreb',fr,Croatia,#76cfef,#76cfef,2,0.100258275602,EUROPE,3186886,45.81444,15.97798,P,Croatia,WCE,10159443-4
'Croatie',fr,Croatia,#75d0ef,#75d0ef,2,0.100258275602,EUROPE,3202326,45.16667,15.5,A,Croatia,WCE,4073841-3
'Ville de Panamá',fr,Panama,#68e72b,#68e72b,2,0.100239413552,CENTRAL-AMERICA,6509970,8.9666,-79.5333,S,Panama,SCA,
'Panama',fr,Panama,#6ae72b,#6ae72b,2,0.100239413552,CENTRAL-AMERICA,3703430,9.0,-80.0,A,Panama,SCA,4044445-4
'Mauritanie',fr,Mauritania,#42eacc,#42eacc,2,0.100227101421,AFRICA,2378080,20.25,-10.5,A,Mauritania,SAH,4038051-8
'Nouakchott',fr,Mauritania,#3ee9bc,#3ee9bc,2,0.100227101421,AFRICA,2377450,18.08581,-15.9785,P,Mauritania,SAH,116769-8
'République centrafricaine',fr,Central African Republic,#27a4e7,#27a4e7,2,0.100214299016,AFRICA,239880,7.0,21.0,A,Central African Republic,CAF,4067608-0
'Bangui',fr,Central African Republic,#22a9e6,#22a9e6,2,0.100214299016,AFRICA,2389853,4.36122,18.55496,P,Central African Republic,CAF,4080257-7
'Monrovia',fr,Liberia,#26e6c4,#26e6c4,2,0.100207512922,AFRICA,2274895,6.30054,-10.7969,P,Liberia,WAF,4273495-2
'Libéria',fr,Liberia,#26e6c8,#26e6c8,2,0.100207512922,AFRICA,2275384,6.5,-9.5,A,Liberia,WAF,4035583-4
'Muscat',fr,Oman,#494dea,#494dea,2,0.100207061501,ASIA,287286,23.58413,58.40778,P,Oman,ARP,4239248-2
'Oman',fr,Oman,#444cea,#444cea,2,0.100207061501,ASIA,286963,21.0,57.0,A,Oman,ARP,4075653-1
'Dublin',fr,Ireland,#86f1e6,#86f1e6,2,0.100206036626,EUROPE,2964574,53.33306,-6.24889,P,Ireland,NEU,4013170-1
'Irlande',fr,Ireland,#85f1e3,#85f1e3,2,0.100206036626,EUROPE,2963597,53.0,-8.0,A,Ireland,NEU,4027667-3
'Nouvelle-Zélande',fr,New Zealand,#8f0f1c,#8f0f1c,2,0.10020468734,OCEANIA,2186224,-42.0,174.0,A,New Zealand,NZ,4041915-0
'Wellington',fr,New Zealand,#91101b,#91101b,2,0.10020468734,OCEANIA,2179537,-41.28664,174.77557,P,New Zealand,NZ,4119042-7
'San José',fr,Costa Rica,#78e72d,#78e72d,2,0.100200022363,CENTRAL-AMERICA,3621849,9.93388,-84.08489,P,Costa Rica,SCA,4116320-5
'République du Congo',fr,Republic of the Congo,#19afe3,#19afe3,2,0.100190680927,AFRICA,2260494,-1.0,15.5,A,Republic of the Congo,CAF,4032097-2
'Brazzaville',fr,Republic of the Congo,#18aadc,#18aadc,2,0.100190680927,AFRICA,2260535,-4.26613,15.28318,P,Republic of the Congo,CAF,4080519-0
'Norvège',fr,Norway,#97e4f3,#97e4f3,2,0.100188170262,EUROPE,3144096,62.0,10.0,A,Norway,NEU,4042640-3
'Slovaquie',fr,Slovakia,#7ccaf0,#7ccaf0,2,0.100183586925,EUROPE,3057568,48.66667,19.5,A,Slovakia,WCE,4055297-4
'Bratislava',fr,Slovakia,#7bcff0,#7bcff0,2,0.100183586925,EUROPE,3060972,48.14816,17.10674,P,Slovakia,WCE,1063318696
'Helsinki',fr,Finland,#94cbf3,#94cbf3,2,0.100181223439,EUROPE,658225,60.16952,24.93545,P,Finland,NEU,4024351-5
'Finlande',fr,Finland,#9ccdf4,#9ccdf4,2,0.100181223439,EUROPE,660013,64.0,26.0,A,Finland,NEU,4017243-0
'Singapour',fr,Singapore,#af1ce5,#af1ce5,2,0.100177346597,ASIA,1880252,1.28967,103.85007,P,Singapore,SEA,4055089-8
'Copenhague',fr,Denmark,#8bdcf2,#8bdcf2,2,0.100172489748,EUROPE,2618425,55.67594,12.56553,P,Denmark,NEU,4032399-7
'Danemark',fr,Denmark,#8be1f2,#8be1f2,2,0.100172489748,EUROPE,2623032,56.0,10.0,A,Denmark,NEU,4010877-6
'Achgabat',fr,Turkmenistan,#666aee,#666aee,2,0.100170913643,ASIA,162183,37.95,58.38333,P,Turkmenistan,WCA,5280901-8
'Turkménistan',fr,Turkmenistan,#6a6bee,#6a6bee,2,0.100170913643,ASIA,1218197,39.75,59.66667,A,Turkmenistan,WCA,4061255-7
'Érythrée',fr,Eritrea,#3875e8,#3875e8,2,0.100161049735,AFRICA,338010,15.0,39.0,A,Eritrea,SAH,4015278-9
'Asmara',fr,Eritrea,#3876e8,#3876e8,2,0.100161049735,AFRICA,343300,15.33805,38.93184,P,Eritrea,SAH,4467477-6
'Bichkek',fr,Kyrgyzstan,#8f70ef,#8f70ef,2,0.100158333069,ASIA,1528675,42.87,74.59,P,Kyrgyzstan,WCA,3002622-2
'Kirghizistan',fr,Kyrgyzstan,#8e6eee,#8e6eee,2,0.100158333069,ASIA,1527747,41.5,75.0,A,Kyrgyzstan,WCA,4030848-0
'Salvador',fr,El Salvador,#16cb57,#16cb57,2,0.100155745191,SOUTH-AMERICA,3450554,-12.97563,-38.49096,P,Brazil,NES,2061637-5
'Nicaragua',fr,Nicaragua,#7fe834,#7fe834,2,0.100154666768,CENTRAL-AMERICA,3617476,13.0,-85.0,A,Nicaragua,SCA,4042050-4
'Managua',fr,Nicaragua,#81e832,#81e832,2,0.100154666768,CENTRAL-AMERICA,3617763,12.13282,-86.2504,P,Nicaragua,SCA,4252626-7
'Tripoli',fr,Libya,#5f98ed,#5f98ed,2,0.10014973272,EUROPE-AFRICA,266826,34.43352,35.84415,P,Lebanon,MED,4262763-1
'Libye',fr,Libya,#52c0eb,#52c0eb,2,0.10014973272,AFRICA,2215636,28.0,17.0,A,Libya,SAH,4035589-5
'Asunción',fr,Paraguay,#13b119,#13b119,2,0.100143759315,SOUTH-AMERICA,3439389,-25.28646,-57.647,P,Paraguay,SES,4003330-2
'Paraguay',fr,Paraguay,#14b519,#14b519,2,0.100143759315,SOUTH-AMERICA,3437598,-23.33333,-58.0,A,Paraguay,SES,4044601-3
'Serbie',fr,Serbia,#74c5ef,#74c5ef,2,0.100143223714,EUROPE-AFRICA,6290252,44.81892,20.45998,A,Serbia,MED,4054598-2
'Sofia',fr,Bulgaria,#70bdef,#70bdef,2,0.100142856347,EUROPE-AFRICA,727011,42.69751,23.32415,P,Bulgaria,MED,4077502-1
'Bulgarie',fr,Bulgaria,#70b9ef,#70b9ef,2,0.100142856347,EUROPE-AFRICA,732800,42.66667,25.25,A,Bulgaria,MED,4008866-2
'Laos',fr,Laos,#be3ee9,#be3ee9,2,0.100141612831,ASIA,1655842,18.0,105.0,A,Laos,SEA,4034571-3
'Vientiane',fr,Laos,#b73ee9,#b73ee9,2,0.100141612831,ASIA,1651944,17.96667,102.6,P,Laos,SEA,4350641-0
'Hong Kong',fr,Hong Kong,#da46ea,#da46ea,2,0.100135206831,ASIA,1819729,22.27832,114.17469,P,Hong Kong,EAS,4025822-1
'Sierra Leone',fr,Sierra Leone,#2ae7c3,#2ae7c3,2,0.100130716323,AFRICA,2403846,8.5,-11.5,A,Sierra Leone,WAF,4054908-2
'Freetown',fr,Sierra Leone,#2ae7bd,#2ae7bd,2,0.100130716323,AFRICA,2409306,8.48714,-13.2356,P,Sierra Leone,WAF,1164112287
'Aller',fr,Togo,#85e0f1,#85e0f1,2,0.100126757268,EUROPE,2958425,52.94632,9.18439,H,Germany,WCE,4219430-1
'Lomé',fr,Togo,#26e2e6,#26e2e6,2,0.100126757268,AFRICA,2365267,6.12874,1.22154,P,Togo,WAF,4111368-8
'Soudan du Sud',fr,South Sudan,#2887e7,#2887e7,2,0.100121058194,AFRICA,7909807,7.5,30.0,A,South Sudan,NEAF,
'Djouba',fr,South Sudan,#237fe6,#237fe6,2,0.100121058194,AFRICA,373303,4.85165,31.58247,P,South Sudan,NEAF,
'Berne',fr,Switzerland,#79e1f0,#79e1f0,2,0.100117418535,EUROPE,2661552,46.94809,7.44744,P,Switzerland,WCE,4005762-8
'Suisse',fr,Switzerland,#79e0f0,#79e0f0,2,0.100117418535,EUROPE,2658434,47.00016,8.01427,A,Switzerland,WCE,7544501-3
'Port-Moresby',fr,Papua New Guinea,#d2177d,#d2177d,2,0.100116193735,ASIA,2088122,-9.47723,147.15089,P,Papua New Guinea,SEA,4116059-9
'Vienne',fr,Austria,#7bd0f0,#7bd0f0,2,0.100113032194,EUROPE,2761369,48.20849,16.37208,P,Austria,WCE,7714565-3
'Autriche',fr,Austria,#7ad5f0,#7ad5f0,2,0.100113032194,EUROPE,2782113,47.33333,13.33333,A,Austria,WCE,4043271-3
'Jérusalem',fr,Israel,#5a96ec,#5a96ec,2,0.100112564443,EUROPE-AFRICA,281184,31.76904,35.21633,P,Israel,MED,4028586-8
'Douchanbé',fr,Tajikistan,#7b68ee,#7b68ee,2,0.100109880003,ASIA,1221874,38.53575,68.77905,P,Tajikistan,WCA,130436-7
'Tadjikistan',fr,Tajikistan,#8169ee,#8169ee,2,0.100109880003,ASIA,1220409,39.0,71.0,A,Tajikistan,WCA,1016800-X
'Minsk',fr,Belarus,#87c0f1,#87c0f1,2,0.100105425335,EUROPE,625144,53.9,27.56667,P,Belarus,WCE,4039510-8
'Biélorussie',fr,Belarus,#85bff1,#85bff1,2,0.100105425335,EUROPE,630336,53.0,28.0,A,Belarus,WCE,1009143-9
'Honduras',fr,Honduras,#86e838,#86e838,2,0.100104302238,CENTRAL-AMERICA,3608932,15.0,-86.5,A,Honduras,SCA,4025814-2
'Tegucigalpa',fr,Honduras,#87e836,#87e836,2,0.100104302238,CENTRAL-AMERICA,3600949,14.0818,-87.20681,P,Honduras,SCA,4344631-0
'Émirats arabes unis',fr,United Arab Emirates,#4958ea,#4958ea,2,0.10010383182,ASIA,290557,23.75,54.5,A,United Arab Emirates,ARP,4062742-1
'Abou Dhabi',fr,United Arab Emirates,#4b5aeb,#4b5aeb,2,0.10010383182,ASIA,292968,24.45118,54.39696,P,United Arab Emirates,ARP,4000287-1
'Budapest',fr,Hungary,#7acaf0,#7acaf0,2,0.100102366876,EUROPE,3054643,47.49835,19.04045,P,Hungary,WCE,4008684-7
'Hongrie',fr,Hungary,#79c8f0,#79c8f0,2,0.100102366876,EUROPE,719819,47.0,20.0,A,Hungary,WCE,4078541-5
'Amman',fr,Jordan,#5a95ec,#5a95ec,2,0.100100441834,EUROPE-AFRICA,250441,31.95522,35.94503,P,Jordan,MED,4192430-7
'Stockholm',fr,Sweden,#92d5f2,#92d5f2,2,0.1000982012,EUROPE,2673730,59.32938,18.06871,P,Suède,NEU,4425212-2
'Bakou',fr,Azerbaijan,#6b81ee,#6b81ee,2,0.100097800467,ASIA,587084,40.37767,49.89201,P,Azerbaijan,WCA,4080246-2
'Azerbaïdjan',fr,Azerbaijan,#6c87ee,#6c87ee,2,0.100097800467,ASIA,587116,40.5,47.5,A,Azerbaijan,WCA,1023252-7
'Portugal',fr,Portugal,#6aeedc,#6aeedc,2,0.100097259594,EUROPE-AFRICA,2264397,39.6945,-8.13057,A,Portugal,MED,4046843-4
'Lisbonne',fr,Portugal,#68eed9,#68eed9,2,0.100097259594,EUROPE-AFRICA,2267057,38.71667,-9.13333,P,Portugal,MED,4035919-0
'Tchéquie',fr,Czechia,#7ed4f0,#7ed4f0,2,0.100094111491,EUROPE,3077311,49.75,15.0,A,Czechia,WCE,4303381-7
'Prague',fr,Czechia,#7fd5f0,#7fd5f0,2,0.100094111491,EUROPE,3067696,50.08804,14.42076,P,Czechia,WCE,4076310-9
'République dominicaine',fr,Dominican Republic,#5ee940,#5ee940,2,0.100094098473,CENTRAL-AMERICA,3508796,19.0,-70.66667,A,Dominican Republic,CAR,4012694-8
'Saint-Domingue',fr,Dominican Republic,#5be93f,#5be93f,2,0.100094098473,CENTRAL-AMERICA,3492908,18.47186,-69.89232,P,République dominicaine,CAR,4118416-6
'Athènes',fr,Greece,#66b8ee,#66b8ee,2,0.100093216904,EUROPE-AFRICA,264371,37.98376,23.72784,P,Greece,MED,4003366-1
'Grèce',fr,Greece,#69bdee,#69bdee,2,0.100093216904,EUROPE-AFRICA,390903,39.0,22.0,A,Greece,MED,4022047-3
'Serbie et Monténégro',fr,Serbia and Montenegro,#74c5ef,#74c5ef,2,0.100092343138,EUROPE-AFRICA,8505033,44.8174,20.46341,A,Serbia,MED,4692332-9
'Belgrade',fr,Serbia and Montenegro,#74c5ef,#74c5ef,2,0.100092343138,EUROPE-AFRICA,792680,44.80401,20.46513,P,Serbia,MED,4005411-1
'Burundi',fr,Burundi,#187bde,#187bde,2,0.100089482432,AFRICA,433561,-3.5,30.0,A,Burundi,SEAF,4009181-8
'Gitega',fr,Burundi,#187bde,#187bde,2,0.100089482432,AFRICA,426272,-3.42708,29.92463,P,Burundi,SEAF,4806037-9
'Cuba',fr,Cuba,#7bea46,#7bea46,2,0.100088197903,CENTRAL-AMERICA,3562981,22.0,-79.5,A,Cuba,CAR,4033340-1
'La Havane',fr,Cuba,#85ea48,#85ea48,2,0.100088197903,CENTRAL-AMERICA,3553478,23.13302,-82.38304,P,Cuba,CAR,4023865-9
'Sucre',fr,Bolivia,#24be15,#24be15,2,0.100088081343,SOUTH-AMERICA,3903987,-19.03332,-65.26274,P,Bolivia,SAM,4118870-6
'Bolivie',fr,Bolivia,#24c215,#24c215,2,0.100088081343,SOUTH-AMERICA,3923057,-17.0,-65.0,A,Bolivia,SAM,4555905-3
'Belgique',fr,Belgium,#81e8f1,#81e8f1,2,0.10008754982,EUROPE,2802361,50.75,4.5,A,Belgium,WCE,4005406-8
'Porto Novo',fr,Benin,#26dee6,#26dee6,2,0.100087069728,AFRICA,2392087,6.49646,2.60359,P,Benin,WAF,4116069-1
'Bénin',fr,Benin,#2ce0e7,#2ce0e7,2,0.100087069728,AFRICA,2395170,9.5,2.25,A,Benin,WAF,4005503-6
'Tunisie',fr,Tunisia,#5ed7ed,#5ed7ed,2,0.100086466266,EUROPE-AFRICA,2464461,34.0,9.0,A,Tunisia,MED,4061206-5
'Rwanda',fr,Rwanda,#197de1,#197de1,2,0.100081287999,AFRICA,49518,-2.0,30.0,A,Rwanda,SEAF,4076910-0
'Kigali',fr,Rwanda,#197de1,#197de1,2,0.100081287999,AFRICA,202061,-1.94995,30.05885,P,Rwanda,SEAF,4495092-5
'Conakry',fr,Guinea,#2ce7bd,#2ce7bd,2,0.10008055215,AFRICA,2422465,9.53795,-13.67729,P,Guinea,WAF,4598760-9
'Guinée',fr,Guinea,#2fe7c7,#2fe7c7,2,0.10008055215,AFRICA,2420477,10.83333,-10.66667,A,Guinea,WAF,4022520-3
'Somalie',fr,Somalia,#254ce6,#254ce6,2,0.100066630446,AFRICA,51537,6.0,48.0,A,Somalia,NEAF,4077509-4
'Mogadiscio',fr,Somalia,#1d4ee5,#1d4ee5,2,0.100066630446,AFRICA,53654,2.03711,45.34375,P,Somalia,SEAF,4210605-9
'N'Djaména',fr,Chad,#32bae8,#32bae8,2,0.10006460887,AFRICA,2427123,12.10672,15.0444,P,Chad,CAF,4458502-0
'Tchad',fr,Chad,#38b0e8,#38b0e8,2,0.10006460887,AFRICA,2434508,15.0,19.0,A,Chad,SAH,4061074-3
'Dakar',fr,Senegal,#37e8b5,#37e8b5,2,0.100063074132,AFRICA,2253354,14.6937,-17.44406,P,Senegal,WAF,4010921-5
'Sénégal',fr,Senegal,#37e8be,#37e8be,2,0.100063074132,AFRICA,2245662,14.5,-14.25,A,Senegal,WAF,4054529-5
'Cambodge',fr,Cambodia,#bb34e8,#bb34e8,2,0.100061539227,ASIA,1831722,13.0,105.0,A,Cambodia,SEA,4029400-6
'Phnom Penh',fr,Cambodia,#ba31e8,#ba31e8,2,0.100061539227,ASIA,1821306,11.56245,104.91601,P,Cambodia,SEA,4045819-2
'Harare',fr,Zimbabwe,#1568c1,#1568c1,2,0.100059282414,AFRICA,890299,-17.82772,31.05337,P,Zimbabwe,ESAF,1029061-8
'Zimbabwe',fr,Zimbabwe,#156abe,#156abe,2,0.100059282414,AFRICA,878675,-19.0,29.75,A,Zimbabwe,ESAF,4049850-5
'Syrie',fr,Syria,#6094ed,#6094ed,2,0.100059149607,EUROPE-AFRICA,163843,35.0,38.0,A,Syria,MED,4058794-0
'Damas',fr,Syria,#5d96ed,#5d96ed,2,0.100059149607,EUROPE-AFRICA,170654,33.5102,36.29128,P,Syria,MED,4010956-2
'Équateur',fr,Ecuador,#56e219,#56e219,2,0.100058533078,SOUTH-AMERICA,3658394,-1.25,-78.25,A,Ecuador,NWS,4129321-6
'Quito',fr,Ecuador,#58e519,#58e519,2,0.100058533078,SOUTH-AMERICA,3652462,-0.22985,-78.52495,P,Ecuador,NWS,4116883-5
'Amsterdam',fr,The Netherlands,#84e8f1,#84e8f1,2,0.10005803488,EUROPE,2759794,52.37403,4.88969,P,The Netherlands,NEU,4001783-7
'Les Pays-Bas',fr,The Netherlands,#93ef75,#93ef75,2,0.10005803488,NORTH-AMERICA,5107971,45.0006,-74.83325,T,United States,ENA,
'Zambie',fr,Zambia,#1673c8,#1673c8,2,0.100057630836,AFRICA,895949,-14.33333,28.5,A,Zambia,ESAF,4076986-0
'Lusaka',fr,Zambia,#1673c6,#1673c6,2,0.100057630836,AFRICA,909137,-15.40669,28.28713,P,Zambia,ESAF,4036697-2
'Lilongwe',fr,Malawi,#1664c9,#1664c9,2,0.100056935453,AFRICA,927967,-13.96692,33.78725,P,Malawi,ESAF,4111306-8
'Malawi',fr,Malawi,#1664c9,#1664c9,2,0.100056935453,AFRICA,927384,-13.5,34.0,A,Malawi,ESAF,4074495-4
'Chili',fr,Chile,#2ea812,#2ea812,2,0.100053392678,SOUTH-AMERICA,3895114,-30.0,-71.0,A,Chile,SWS,4009929-5
'Saint-Jacques',fr,Chile,#91ef75,#91ef75,2,0.100053392678,NORTH-AMERICA,6138419,45.28338,-73.41587,P,Canada,ENA,7549523-5
'Mali',fr,Mali,#3ee9e3,#3ee9e3,2,0.100052417248,AFRICA,2453866,18.0,-2.0,A,Mali,SAH,4074505-3
'Bucarest',fr,Romania,#74b9ef,#74b9ef,2,0.100051350687,EUROPE-AFRICA,683506,44.43225,26.10626,P,Romania,MED,4008858-3
'Roumanie',fr,Romania,#77bdef,#77bdef,2,0.100051350687,EUROPE,798549,46.0,25.0,A,Romania,WCE,4050939-4
'Burkina Faso',fr,Burkina Faso,#32e8e3,#32e8e3,2,0.100050628976,AFRICA,2361809,12.5,-1.66667,A,Burkina Faso,WAF,15612-7
'Ouagadougou',fr,Burkina Faso,#32e8e3,#32e8e3,2,0.100050628976,AFRICA,2357048,12.36566,-1.53388,P,Burkina Faso,WAF,4044209-3
'Colombo',fr,Sri Lanka,#6627e7,#6627e7,2,0.100046146747,INDIAN,1248991,6.93548,79.84868,P,Sri Lanka,EIO,4010404-7
'Sri Lanka',fr,Sri Lanka,#6a29e7,#6a29e7,2,0.100046146747,INDIAN,1227603,7.75,80.75,A,Sri Lanka,BOB,4009696-8
'Niamey',fr,Niger,#35e2e8,#35e2e8,2,0.100044557426,AFRICA,2440485,13.51366,2.1098,P,Niger,WAF,4294467-3
'Niger',fr,Niger,#3ecfe9,#3ecfe9,2,0.100044557426,AFRICA,2440476,18.0,9.0,A,Niger,SAH,4042298-7
'Taïwan',fr,Taiwan,#ea4ae8,#ea4ae8,2,0.100042640583,ASIA,1668284,24.0,121.0,A,Taiwan,EAS,4017875-4
'Taïpei',fr,Taiwan,#eb4ce7,#eb4ce7,2,0.100042640583,ASIA,1668341,25.05306,121.52639,P,Taiwan,EAS,4078134-3
'Canberra',fr,Australia,#9d1159,#9d1159,2,0.100040012213,OCEANIA,2172517,-35.28346,149.12807,P,Australia,SAU,4085133-3
'Côte d'Ivoire',fr,Ivory Coast,#29e7d5,#29e7d5,2,0.100039889539,AFRICA,2287781,8.0,-5.5,A,Ivory Coast,WAF,4014426-4
'Yamoussoukro',fr,Ivory Coast,#27e7d6,#27e7d6,2,0.100039889539,AFRICA,2279755,6.82055,-5.27674,P,Ivory Coast,WAF,4430797-4
'Cameroun',fr,Cameroon,#25bee6,#25bee6,2,0.100039656988,AFRICA,2233387,6.0,12.5,A,Cameroon,CAF,4029413-4
'Yaoundé',fr,Cameroon,#21c0e6,#21c0e6,2,0.100039656988,AFRICA,2220957,3.86667,11.51667,P,Cameroon,CAF,4119193-6
'Corée du Nord',fr,North Korea,#ee6bdf,#ee6bdf,2,0.100039139221,ASIA,1873107,40.0,127.0,A,North Korea,EAS,4075468-6
'Pyongyang',fr,North Korea,#ee69e1,#ee69e1,2,0.100039139221,ASIA,1871859,39.03385,125.75432,P,North Korea,EAS,4285178-6
'Madagascar',fr,Madagascar,#1439bc,#1439bc,2,0.100038077298,AFRICA,1062947,-20.0,47.0,A,Madagascar,MDG,4074425-5
'Antananarivo',fr,Madagascar,#1538be,#1538be,2,0.100038077298,AFRICA,1070940,-18.91368,47.53613,P,Madagascar,MDG,4212652-6
'Katmandou',fr,Nepal,#9252eb,#9252eb,2,0.100035602556,ASIA,1283240,27.70169,85.3206,P,Nepal,TIB,4030036-5
'Népal',fr,Nepal,#8f52eb,#8f52eb,2,0.100035602556,ASIA,1282988,28.0,84.0,A,Nepal,TIB,4041612-4
'Yémen',fr,Yemen,#395de9,#395de9,2,0.100035089336,ASIA,69543,15.5,47.5,A,Yemen,ARP,4073009-8
'Sanaa',fr,Yemen,#3867e8,#3867e8,2,0.100035089336,ASIA,71137,15.35472,44.20667,P,Yemen,ARP,4051533-3
'Maputo',fr,Mozambique,#135bb0,#135bb0,2,0.100033902946,AFRICA,1040652,-25.96553,32.58322,P,Mozambique,ESAF,1038246-X
'Mozambique',fr,Mozambique,#155cc0,#155cc0,2,0.100033902946,AFRICA,1036973,-18.25,35.0,A,Mozambique,ESAF,4039786-5
'Ghana',fr,Ghana,#2ae7e3,#2ae7e3,2,0.100033594127,AFRICA,2300660,8.1,-1.2,A,Ghana,WAF,4020949-0
'Accra',fr,Ghana,#24e6e6,#24e6e6,2,0.100033594127,AFRICA,2306104,5.55602,-0.1969,P,Ghana,WAF,4000338-3
'Angola',fr,Angola,#1694cb,#1694cb,2,0.100032457245,AFRICA,3351879,-12.5,18.5,A,Angola,WSAF,4002050-2
'Luanda',fr,Angola,#17aad3,#17aad3,2,0.100032457245,AFRICA,2240449,-8.83682,13.23432,P,Angola,CAF,4099838-1
'Malaisie',fr,Malaysia,#cd1ee6,#cd1ee6,2,0.10003171725,ASIA,1733045,2.5,112.5,A,Malaysia,SEA,4037203-0
'Kuala Lumpur',fr,Malaysia,#a91fe6,#a91fe6,2,0.10003171725,ASIA,1735161,3.1412,101.68653,P,Malaysia,SEA,4110404-3
'Lima',fr,Peru,#4acc16,#4acc16,2,0.100031260496,SOUTH-AMERICA,3936456,-12.04318,-77.02824,P,Peru,NWS,4035742-9
'Tachkent',fr,Uzbekistan,#816dee,#816dee,2,0.100030344041,ASIA,1512569,41.26465,69.21627,P,Uzbekistan,WCA,4059096-3
'Ouzbékistan',fr,Uzbekistan,#766eee,#766eee,2,0.100030344041,ASIA,1512440,41.66667,63.83333,A,Uzbekistan,WCA,4062199-6
'Riyad',fr,Saudi Arabia,#4b6feb,#4b6feb,2,0.100029673637,ASIA,108410,24.68773,46.72185,P,Saudi Arabia,ARP,4015384-8
'Arabie Saoudite',fr,Saudi Arabia,#4c74eb,#4c74eb,2,0.100029673637,ASIA,102358,25.0,45.0,A,Saudi Arabia,ARP,4051788-3
'Rabat',fr,Morocco,#5eeddd,#5eeddd,2,0.100027755313,EUROPE-AFRICA,2538475,34.01325,-6.83255,P,Morocco,MED,4076467-9
'Maroc',fr,Morocco,#53ebd2,#53ebd2,2,0.100027755313,AFRICA,2542007,28.5,-10.0,A,Morocco,SAH,4037680-1
'Ottawa',fr,Canada,#95ef76,#95ef76,2,0.100026984103,NORTH-AMERICA,6094817,45.41117,-75.69812,P,Canada,ENA,4122012-2
'Canada',fr,Canada,#e9f394,#e9f394,2,0.100026984103,NORTH-AMERICA,6251999,60.10867,-113.64258,A,Canada,NWN,4029456-0
'Afghanistan',fr,Afghanistan,#6b5cec,#6b5cec,2,0.10002690169,ASIA,1149361,33.0,66.0,A,Afghanistan,WCA,4000687-6
'Kaboul',fr,Afghanistan,#755fed,#755fed,2,0.10002690169,ASIA,1138958,34.52813,69.17233,P,Afghanistan,WCA,4029127-3
'Pologne',fr,Poland,#83ccf1,#83ccf1,2,0.100026330654,EUROPE,798544,52.0,20.0,A,Poland,WCE,4046496-9
'Varsovie',fr,Poland,#84cbf1,#84cbf1,2,0.100026330654,EUROPE,756135,52.22977,21.01178,P,Poland,WCE,4079048-4
'Bagdad',fr,Iraq,#5d82ed,#5d82ed,2,0.1000260189,ASIA,98182,33.34058,44.40088,P,Iraq,WCA,4004237-6
'Irak',fr,Iraq,#5c83ec,#5c83ec,2,0.1000260189,ASIA,99237,33.0,44.0,A,Iraq,WCA,4072920-5
'Khartoum',fr,Sudan,#3989e9,#3989e9,2,0.100023922568,AFRICA,379252,15.55177,32.53241,P,Sudan,SAH,4110249-6
'Soudan',fr,Sudan,#3a91e9,#3a91e9,2,0.100023922568,AFRICA,366755,16.0,30.0,A,Sudan,SAH,4058378-8
'Alger',fr,Algeria,#64e6ed,#64e6ed,2,0.100023680729,EUROPE-AFRICA,2507480,36.73225,3.08746,P,Algeria,MED,4084955-7
'Algérie',fr,Algeria,#52e4eb,#52e4eb,2,0.100023680729,AFRICA,2589581,28.0,3.0,A,Algeria,SAH,4001179-3
'Kampala',fr,Uganda,#1a77e5,#1a77e5,2,0.10002340652,AFRICA,232422,0.31628,32.58219,P,Uganda,SEAF,4109986-2
'Ouganda',fr,Uganda,#1c78e5,#1c78e5,2,0.10002340652,AFRICA,226074,1.25,32.5,A,Uganda,SEAF,4061457-8
'Argentine',fr,Argentina,#1ba011,#1ba011,2,0.100022474687,SOUTH-AMERICA,3865483,-34.0,-64.0,A,Argentina,SES,4002890-2
'Kyiv',fr,Ukraine,#80b7f0,#80b7f0,2,0.100022410211,EUROPE,703448,50.45466,30.5238,P,Ukraine,WCE,4030522-3
'Espagne',fr,Spain,#6beee5,#6beee5,2,0.100021402392,EUROPE-AFRICA,2510769,40.0,-4.0,A,Spain,MED,4055964-6
'Madrid',fr,Spain,#6beee6,#6beee6,2,0.100021402392,EUROPE-AFRICA,3117735,40.4165,-3.70256,P,Spain,MED,4036862-2
'Bogotá',fr,Colombia,#50e622,#50e622,2,0.10002014152,SOUTH-AMERICA,3688689,4.60971,-74.08175,P,Colombia,NWS,4007557-6
'Colombie',fr,Colombia,#4de621,#4de621,2,0.10002014152,SOUTH-AMERICA,3686110,4.0,-73.25,A,Colombia,NWS,4031812-6
'Kenya',fr,Kenya,#1b65e5,#1b65e5,2,0.100019457899,AFRICA,192950,1.0,38.0,A,Kenya,SEAF,4030236-2
'Nairobi',fr,Kenya,#1967e2,#1967e2,2,0.100019457899,AFRICA,184745,-1.28333,36.81667,P,Kenya,SEAF,4041172-2
'Séoul',fr,South Korea,#ee66de,#ee66de,2,0.100019366613,ASIA,1835848,37.566,126.9784,P,South Korea,EAS,110416-0
'Corée du Sud',fr,South Korea,#ed63db,#ed63db,2,0.100019366613,ASIA,1835841,36.5,127.75,A,South Korea,EAS,4078029-6
'Birmanie',fr,Myanmar,#a744ea,#a744ea,2,0.100018619063,ASIA,1327865,21.0,96.0,A,Myanmar,SAS,4069500-1
'Nay Pyi Taw',fr,Myanmar,#a741e9,#a741e9,2,0.100018619063,ASIA,6611854,19.745,96.12972,P,Myanmar,SAS,1048505170
'Tanzanie',fr,Tanzania,#1868d9,#1868d9,2,0.100017756203,AFRICA,149590,-6.0,35.0,A,Tanzania,SEAF,4078149-5
'Dodoma',fr,Tanzania,#1866d8,#1866d8,2,0.100017756203,AFRICA,160196,-6.17221,35.73947,P,Tanzania,SEAF,4012582-8
'Afrique du Sud',fr,South Africa,#126daa,#126daa,2,0.10001730714,AFRICA,953987,-29.0,24.0,A,South Africa,WSAF,4078012-0
'Prétoria',fr,South Africa,#1367b0,#1367b0,2,0.10001730714,AFRICA,964137,-25.74486,28.18783,P,South Africa,ESAF,4116098-8
'Italie',fr,Italy,#70d4ef,#70d4ef,2,0.100016547721,EUROPE-AFRICA,3175395,42.83333,12.83333,A,Italy,MED,4027833-5
'Royaume-Uni',fr,United Kingdom,#89f1ed,#89f1ed,2,0.100015040084,EUROPE,2635167,54.75844,-2.69531,A,United Kingdom,NEU,4022153-2
'Londres',fr,United Kingdom,#82f1f0,#82f1f0,2,0.100015040084,EUROPE,2643743,51.50853,-0.12574,P,United Kingdom,NEU,4074335-4
'Bangkok',fr,Thailand,#ae35e8,#ae35e8,2,0.100014403302,ASIA,1609350,13.75398,100.50144,P,Thailand,SEA,4004432-4
'Ankara',fr,Turkey,#6aa6ee,#6aa6ee,2,0.100012147757,EUROPE-AFRICA,323786,39.91987,32.85427,P,Turkey,MED,4002075-7
'Berlin',fr,Germany,#84d9f1,#84d9f1,2,0.100012058665,EUROPE,2950159,52.52437,13.41053,P,Germany,WCE,4005728-8
'République démocratique du Congo',fr,Democratic Republic of the Congo,#1892e0,#1892e0,2,0.10001189512,AFRICA,203312,-2.5,23.5,A,Democratic Republic of the Congo,CAF,4067357-1
'Kinshasa',fr,Democratic Republic of the Congo,#18aadc,#18aadc,2,0.10001189512,AFRICA,2314302,-4.32758,15.31357,P,Democratic Republic of the Congo,CAF,1028447-3
'Viêt Nam',fr,Vietnam,#c53ae9,#c53ae9,2,0.100010466777,ASIA,1562822,16.16667,107.83333,A,Vietnam,SEA,4063514-4
'Hanoï',fr,Vietnam,#c344ea,#c344ea,2,0.100010466777,ASIA,1581130,21.0245,105.84117,P,Vietnam,EAS,4094713-0
'Caire',fr,Egypt,#569eec,#569eec,2,0.100010160165,EUROPE-AFRICA,360630,30.06263,31.24967,P,Egypt,MED,4029236-8
'Egypte',fr,Egypt,#509eeb,#509eeb,2,0.100010160165,AFRICA,357994,27.0,30.0,A,Egypt,SAH,4000556-2
'Manille',fr,Philippines,#e837e5,#e837e5,2,0.100009376296,ASIA,1701668,14.6042,120.9822,P,Philippines,SEA,4037344-7
'Philippines',fr,Philippines,#e834e0,#e834e0,2,0.100009376296,ASIA,1694008,13.40882,122.56155,A,Philippines,SEA,4045771-0
'Addis-Abeba',fr,Ethiopia,#2b6ee7,#2b6ee7,2,0.10000915545,AFRICA,344979,9.02497,38.74689,P,Ethiopia,NEAF,4000459-4
'Ethiopie',fr,Ethiopia,#2b6be7,#2b6be7,2,0.10000915545,AFRICA,337996,9.0,39.5,A,Ethiopia,NEAF,4000639-6
'Tokyo',fr,Japan,#ed62bf,#ed62bf,2,0.10000790332,ASIA,1850147,35.6895,139.69171,P,Japan,EAS,4078337-6
'Japon',fr,Japan,#ed62bf,#ed62bf,2,0.10000790332,ASIA,1861060,35.68536,139.75309,A,Japan,EAS,4028495-5
'Moscou',fr,Russia,#8bb1f2,#8bb1f2,2,0.100006921467,EUROPE,524901,55.75222,37.61556,P,Russia,WCE,4074987-3
'Bangladesh',fr,Bangladesh,#9a4aea,#9a4aea,2,0.100006197475,ASIA,1210997,24.0,90.0,A,Bangladesh,SAS,4130903-0
'Dacca',fr,Bangladesh,#9b49ea,#9b49ea,2,0.100006197475,ASIA,1185241,23.7104,90.40744,P,Bangladesh,SAS,4230727-2
'Nigeria',fr,Nigeria,#2dcee7,#2dcee7,2,0.100005105304,AFRICA,2328926,10.0,8.0,A,Nigeria,WAF,4042300-1
'Abuja',fr,Nigeria,#2bd0e7,#2bd0e7,2,0.100005105304,AFRICA,2352778,9.05785,7.49508,P,Nigeria,WAF,4365226-8
'Brasília',fr,Brazil,#17d126,#17d126,2,0.100004773969,SOUTH-AMERICA,3469034,-10.0,-55.0,A,Brazil,SAM,4008003-1
'Islamabad',fr,Pakistan,#7d5eed,#7d5eed,2,0.100004712202,ASIA,1176615,33.72148,73.04329,P,Pakistan,WCA,7678172-0
'Djakarta',fr,Indonesia,#ae18d8,#ae18d8,2,0.100003736035,ASIA,1642911,-6.21462,106.84513,P,Indonesia,SEA,64162-5
'Inde',fr,India,#7a46ea,#7a46ea,2,0.100000739307,ASIA,1269750,22.0,79.0,A,India,SAS,4026722-2
'New Delhi',fr,India,#7f53eb,#7f53eb,2,0.100000739307,ASIA,1261481,28.62137,77.2148,P,India,SAS,4011371-1
